TAG;;
TAG_ADJ;;
TAG_absolute_monarchy;;
TAG_bourgeois_dictatorship;;
TAG_democracy;;
TAG_fascist_dictatorship;;
TAG_hms_government;;
TAG_proletarian_dictatorship;;
TAG_prussian_constitutionalism;;
TAG_anarcho_liberal;;
TAG_communist;;
TAG_conservative;;
TAG_fascist;;
TAG_liberal;;
TAG_reactionary;;
TAG_socialist;;
AAC;Aachen;
AAC_ADJ;Aachener;
AAC_absolute_monarchy;;
AAC_bourgeois_dictatorship;;
AAC_democracy;The Free City of Aachen;
AAC_fascist_dictatorship;;
AAC_hms_government;;
AAC_proletarian_dictatorship;;
AAC_prussian_constitutionalism;;
AAC_anarcho_liberal;;
AAC_communist;;
AAC_conservative;;
AAC_fascist;;
AAC_liberal;;
AAC_reactionary;;
AAC_socialist;;
ACA;Arcadia;
ACA_ADJ;Arcadian;
ACA_absolute_monarchy;;
ACA_bourgeois_dictatorship;;
ACA_democracy;;
ACA_fascist_dictatorship;;
ACA_hms_government;;
ACA_proletarian_dictatorship;;
ACA_prussian_constitutionalism;;
ACA_anarcho_liberal;;
ACA_communist;;
ACA_conservative;;
ACA_fascist;;
ACA_liberal;;
ACA_reactionary;;
ACA_socialist;;
AFR;Africa;
AFR_ADJ;African;
AFR_absolute_monarchy;;
AFR_bourgeois_dictatorship;;
AFR_democracy;;
AFR_fascist_dictatorship;;
AFR_hms_government;;
AFR_proletarian_dictatorship;;
AFR_prussian_constitutionalism;;
AFR_anarcho_liberal;;
AFR_communist;;
AFR_conservative;;
AFR_fascist;;
AFR_liberal;;
AFR_reactionary;;
AFR_socialist;;
ALA;Alba;
ALA_ADJ;Alban;
ALA_absolute_monarchy;Highland Kingdom;
ALA_bourgeois_dictatorship;;
ALA_democracy;Republic of Abla;
ALA_fascist_dictatorship;;
ALA_hms_government;Alba;
ALA_proletarian_dictatorship;Commune of Alba;
ALA_prussian_constitutionalism;;
ALA_anarcho_liberal;;
ALA_communist;;
ALA_conservative;;
ALA_fascist;;
ALA_liberal;;
ALA_reactionary;;
ALA_socialist;;
ALD;Numidia;
ALD_ADJ;Numidian;
ALD_absolute_monarchy;;
ALD_bourgeois_dictatorship;;
ALD_democracy;;
ALD_fascist_dictatorship;;
ALD_hms_government;;
ALD_proletarian_dictatorship;;
ALD_prussian_constitutionalism;;
ALD_anarcho_liberal;;
ALD_communist;;
ALD_conservative;;
ALD_fascist;;
ALD_liberal;;
ALD_reactionary;;
ALD_socialist;;
AMA;Amazonia;
AMA_ADJ;Amazonian;
AMA_absolute_monarchy;;
AMA_bourgeois_dictatorship;;
AMA_democracy;;
AMA_fascist_dictatorship;;
AMA_hms_government;;
AMA_proletarian_dictatorship;;
AMA_prussian_constitutionalism;;
AMA_anarcho_liberal;;
AMA_communist;;
AMA_conservative;;
AMA_fascist;;
AMA_liberal;;
AMA_reactionary;;
AMA_socialist;;
AME;United States of Ameriga;
AME_ADJ;Amerigan;
AME_absolute_monarchy;;
AME_bourgeois_dictatorship;;
AME_democracy;;
AME_fascist_dictatorship;;
AME_hms_government;;
AME_proletarian_dictatorship;;
AME_prussian_constitutionalism;;
AME_anarcho_liberal;;
AME_communist;;
AME_conservative;;
AME_fascist;;
AME_liberal;;
AME_reactionary;;
AME_socialist;;
ANL;Anglaland;
ANL_ADJ;Anglish;
ANL_absolute_monarchy;;
ANL_bourgeois_dictatorship;;
ANL_democracy;Anglia;
ANL_fascist_dictatorship;;
ANL_hms_government;;
ANL_proletarian_dictatorship;;
ANL_prussian_constitutionalism;;
ANL_anarcho_liberal;;
ANL_communist;;
ANL_conservative;;
ANL_fascist;;
ANL_liberal;;
ANL_reactionary;;
ANL_socialist;;
ANT;Antarctica;
ANT_ADJ;Antarctican;
ANT_absolute_monarchy;;
ANT_bourgeois_dictatorship;;
ANT_democracy;;
ANT_fascist_dictatorship;;
ANT_hms_government;;
ANT_proletarian_dictatorship;;
ANT_prussian_constitutionalism;;
ANT_anarcho_liberal;;
ANT_communist;;
ANT_conservative;;
ANT_fascist;;
ANT_liberal;;
ANT_reactionary;;
ANT_socialist;;
APA;Apache;
APA_ADJ;Apache;
APA_absolute_monarchy;;
APA_bourgeois_dictatorship;;
APA_democracy;;
APA_fascist_dictatorship;;
APA_hms_government;;
APA_proletarian_dictatorship;;
APA_prussian_constitutionalism;;
APA_anarcho_liberal;;
APA_communist;;
APA_conservative;;
APA_fascist;;
APA_liberal;;
APA_reactionary;;
APA_socialist;;
AQU;Aquitanica;
AQU_ADJ;Visigothic;
AQU_absolute_monarchy;;
AQU_bourgeois_dictatorship;;
AQU_democracy;;
AQU_fascist_dictatorship;The Visigothic Reich;
AQU_hms_government;;
AQU_proletarian_dictatorship;The People's Republic of Aquitanica;
AQU_prussian_constitutionalism;;
AQU_anarcho_liberal;;
AQU_communist;;
AQU_conservative;;
AQU_fascist;;
AQU_liberal;;
AQU_reactionary;;
AQU_socialist;;
ASU;Antisuyu;
ASU_ADJ;Incan;
ASU_absolute_monarchy;;
ASU_bourgeois_dictatorship;;
ASU_democracy;;
ASU_fascist_dictatorship;;
ASU_hms_government;;
ASU_proletarian_dictatorship;;
ASU_prussian_constitutionalism;;
ASU_anarcho_liberal;;
ASU_communist;;
ASU_conservative;;
ASU_fascist;;
ASU_liberal;;
ASU_reactionary;;
ASU_socialist;;
ATL;Aztlan;
ATL_ADJ;Azltlan;
ATL_absolute_monarchy;;
ATL_bourgeois_dictatorship;;
ATL_democracy;;
ATL_fascist_dictatorship;;
ATL_hms_government;;
ATL_proletarian_dictatorship;;
ATL_prussian_constitutionalism;;
ATL_anarcho_liberal;;
ATL_communist;;
ATL_conservative;;
ATL_fascist;;
ATL_liberal;;
ATL_reactionary;;
ATL_socialist;;
AUG;Augsburg;
AUG_ADJ;Augsburger;
AUG_absolute_monarchy;;
AUG_bourgeois_dictatorship;;
AUG_democracy;;
AUG_fascist_dictatorship;;
AUG_hms_government;;
AUG_proletarian_dictatorship;;
AUG_prussian_constitutionalism;;
AUG_anarcho_liberal;;
AUG_communist;;
AUG_conservative;;
AUG_fascist;;
AUG_liberal;;
AUG_reactionary;;
AUG_socialist;;
AUK;Aukstaitija;
AUK_ADJ;Aukstaitijan;
AUK_absolute_monarchy;;
AUK_bourgeois_dictatorship;;
AUK_democracy;;
AUK_fascist_dictatorship;;
AUK_hms_government;;
AUK_proletarian_dictatorship;;
AUK_prussian_constitutionalism;;
AUK_anarcho_liberal;;
AUK_communist;;
AUK_conservative;;
AUK_fascist;;
AUK_liberal;;
AUK_reactionary;;
AUK_socialist;;
AVA;Varchonia;
AVA_ADJ;Avarian;
AVA_absolute_monarchy;;
AVA_bourgeois_dictatorship;;
AVA_democracy;;
AVA_fascist_dictatorship;;
AVA_hms_government;;
AVA_proletarian_dictatorship;;
AVA_prussian_constitutionalism;;
AVA_anarcho_liberal;;
AVA_communist;;
AVA_conservative;;
AVA_fascist;;
AVA_liberal;;
AVA_reactionary;;
AVA_socialist;;
AXM;Axum;
AXM_ADJ;Axumite;
AXM_absolute_monarchy;;
AXM_bourgeois_dictatorship;;
AXM_democracy;;
AXM_fascist_dictatorship;;
AXM_hms_government;;
AXM_proletarian_dictatorship;;
AXM_prussian_constitutionalism;;
AXM_anarcho_liberal;;
AXM_communist;;
AXM_conservative;;
AXM_fascist;;
AXM_liberal;;
AXM_reactionary;;
AXM_socialist;;
AYM;Aymaria;
AYM_ADJ;Aymarian;
AYM_absolute_monarchy;;
AYM_bourgeois_dictatorship;;
AYM_democracy;;
AYM_fascist_dictatorship;;
AYM_hms_government;;
AYM_proletarian_dictatorship;;
AYM_prussian_constitutionalism;;
AYM_anarcho_liberal;;
AYM_communist;;
AYM_conservative;;
AYM_fascist;;
AYM_liberal;;
AYM_reactionary;;
AYM_socialist;;
AZT;Azteca;
AZT_ADJ;Aztec;
AZT_absolute_monarchy;;
AZT_bourgeois_dictatorship;;
AZT_democracy;;
AZT_fascist_dictatorship;;
AZT_hms_government;;
AZT_proletarian_dictatorship;;
AZT_prussian_constitutionalism;;
AZT_anarcho_liberal;;
AZT_communist;;
AZT_conservative;;
AZT_fascist;;
AZT_liberal;;
AZT_reactionary;;
AZT_socialist;;
BAC;Bactria;
BAC_ADJ;Bactrian;
BAC_absolute_monarchy;;
BAC_bourgeois_dictatorship;;
BAC_democracy;;
BAC_fascist_dictatorship;;
BAC_hms_government;;
BAC_proletarian_dictatorship;;
BAC_prussian_constitutionalism;;
BAC_anarcho_liberal;;
BAC_communist;;
BAC_conservative;;
BAC_fascist;;
BAC_liberal;;
BAC_reactionary;;
BAC_socialist;;
BAV;Bayern;
BAV_ADJ;Bavarian;
BAV_absolute_monarchy;;
BAV_bourgeois_dictatorship;;
BAV_democracy;;
BAV_fascist_dictatorship;;
BAV_hms_government;;
BAV_proletarian_dictatorship;;
BAV_prussian_constitutionalism;;
BAV_anarcho_liberal;;
BAV_communist;;
BAV_conservative;;
BAV_fascist;;
BAV_liberal;;
BAV_reactionary;;
BAV_socialist;;
BEA;Barenland;
BEA_ADJ;Baren;
BEA_absolute_monarchy;;
BEA_bourgeois_dictatorship;;
BEA_democracy;;
BEA_fascist_dictatorship;;
BEA_hms_government;;
BEA_proletarian_dictatorship;;
BEA_prussian_constitutionalism;;
BEA_anarcho_liberal;;
BEA_communist;;
BEA_conservative;;
BEA_fascist;;
BEA_liberal;;
BEA_reactionary;;
BEA_socialist;;
BGN;Bergen;
BGN_ADJ;Bergenser;
BGN_absolute_monarchy;;
BGN_bourgeois_dictatorship;;
BGN_democracy;;
BGN_fascist_dictatorship;;
BGN_hms_government;;
BGN_proletarian_dictatorship;;
BGN_prussian_constitutionalism;;
BGN_anarcho_liberal;;
BGN_communist;;
BGN_conservative;;
BGN_fascist;;
BGN_liberal;;
BGN_reactionary;;
BGN_socialist;;
BJA;Bjarmaland;
BJA_ADJ;Bjarman;
BJA_absolute_monarchy;;
BJA_bourgeois_dictatorship;;
BJA_democracy;;
BJA_fascist_dictatorship;;
BJA_hms_government;;
BJA_proletarian_dictatorship;;
BJA_prussian_constitutionalism;;
BJA_anarcho_liberal;;
BJA_communist;;
BJA_conservative;;
BJA_fascist;;
BJA_liberal;;
BJA_reactionary;;
BJA_socialist;;
BLA;Blackfoot;
BLA_ADJ;Blackfoot;
BLA_absolute_monarchy;;
BLA_bourgeois_dictatorship;;
BLA_democracy;;
BLA_fascist_dictatorship;;
BLA_hms_government;;
BLA_proletarian_dictatorship;;
BLA_prussian_constitutionalism;;
BLA_anarcho_liberal;;
BLA_communist;;
BLA_conservative;;
BLA_fascist;;
BLA_liberal;;
BLA_reactionary;;
BLA_socialist;;
BRI;Britannia;
BRI_ADJ;British;
BRI_absolute_monarchy;Britannia;
BRI_bourgeois_dictatorship;The Protectorate;
BRI_democracy;Britannia;
BRI_fascist_dictatorship;Northern Empire;
BRI_hms_government;;
BRI_proletarian_dictatorship;PRB;
BRI_prussian_constitutionalism;;
BRI_anarcho_liberal;;
BRI_communist;;
BRI_conservative;;
BRI_fascist;;
BRI_liberal;;
BRI_reactionary;;
BRI_socialist;;
BRL;Brendland;
BRL_ADJ;Brendlander;
BRL_absolute_monarchy;;
BRL_bourgeois_dictatorship;;
BRL_democracy;;
BRL_fascist_dictatorship;;
BRL_hms_government;;
BRL_proletarian_dictatorship;;
BRL_prussian_constitutionalism;;
BRL_anarcho_liberal;;
BRL_communist;;
BRL_conservative;;
BRL_fascist;;
BRL_liberal;;
BRL_reactionary;;
BRL_socialist;;
BRN;Bernicia;
BRN_ADJ;Bernicia;
BRN_absolute_monarchy;;
BRN_bourgeois_dictatorship;;
BRN_democracy;Republic of Lothia;
BRN_fascist_dictatorship;;
BRN_hms_government;;
BRN_proletarian_dictatorship;People's Republic of Lothia;
BRN_prussian_constitutionalism;;
BRN_anarcho_liberal;;
BRN_communist;;
BRN_conservative;;
BRN_fascist;;
BRN_liberal;;
BRN_reactionary;;
BRN_socialist;;
BRS;Brasil;
BRS_ADJ;Brasilian;
BRS_absolute_monarchy;;
BRS_bourgeois_dictatorship;;
BRS_democracy;;
BRS_fascist_dictatorship;;
BRS_hms_government;;
BRS_proletarian_dictatorship;;
BRS_prussian_constitutionalism;;
BRS_anarcho_liberal;;
BRS_communist;;
BRS_conservative;;
BRS_fascist;;
BRS_liberal;;
BRS_reactionary;;
BRS_socialist;;
BRG;Burgundia;
BRG_ADJ;Burgundi;
BRG_absolute_monarchy;;
BRG_bourgeois_dictatorship;;
BRG_democracy;;
BRG_fascist_dictatorship;;
BRG_hms_government;;
BRG_proletarian_dictatorship;;
BRG_prussian_constitutionalism;;
BRG_anarcho_liberal;;
BRG_communist;;
BRG_conservative;;
BRG_fascist;;
BRG_liberal;;
BRG_reactionary;;
BRG_socialist;;
BSQ;Vasconia;
BSQ_ADJ;Vasconian;
BSQ_absolute_monarchy;;
BSQ_bourgeois_dictatorship;;
BSQ_democracy;;
BSQ_fascist_dictatorship;;
BSQ_hms_government;;
BSQ_proletarian_dictatorship;;
BSQ_prussian_constitutionalism;;
BSQ_anarcho_liberal;;
BSQ_communist;;
BSQ_conservative;;
BSQ_fascist;;
BSQ_liberal;;
BSQ_reactionary;;
BSQ_socialist;;
BTH;Brythonia;
BTH_ADJ;Brittonic;
BTH_absolute_monarchy;;
BTH_bourgeois_dictatorship;;
BTH_democracy;Brythonic Republic;
BTH_fascist_dictatorship;Britonnic State;
BTH_hms_government;;
BTH_proletarian_dictatorship;;
BTH_prussian_constitutionalism;;
BTH_anarcho_liberal;;
BTH_communist;;
BTH_conservative;;
BTH_fascist;;
BTH_liberal;;
BTH_reactionary;;
BTH_socialist;;
CAJ;Cajamarca;
CAJ_ADJ;Cajamarcan;
CAJ_absolute_monarchy;;
CAJ_bourgeois_dictatorship;;
CAJ_democracy;;
CAJ_fascist_dictatorship;;
CAJ_hms_government;;
CAJ_proletarian_dictatorship;;
CAJ_prussian_constitutionalism;;
CAJ_anarcho_liberal;;
CAJ_communist;;
CAJ_conservative;;
CAJ_fascist;;
CAJ_liberal;;
CAJ_reactionary;;
CAJ_socialist;;
CHC;Chichimeca;
CHC_ADJ;Chichimecan;
CHC_absolute_monarchy;;
CHC_bourgeois_dictatorship;;
CHC_democracy;;
CHC_fascist_dictatorship;;
CHC_hms_government;;
CHC_proletarian_dictatorship;;
CHC_prussian_constitutionalism;;
CHC_anarcho_liberal;;
CHC_communist;;
CHC_conservative;;
CHC_fascist;;
CHC_liberal;;
CHC_reactionary;;
CHC_socialist;;
CHM;Chimu;
CHM_ADJ;Chiman;
CHM_absolute_monarchy;;
CHM_bourgeois_dictatorship;;
CHM_democracy;;
CHM_fascist_dictatorship;;
CHM_hms_government;;
CHM_proletarian_dictatorship;;
CHM_prussian_constitutionalism;;
CHM_anarcho_liberal;;
CHM_communist;;
CHM_conservative;;
CHM_fascist;;
CHM_liberal;;
CHM_reactionary;;
CHM_socialist;;
CHN;Chinook;
CHN_ADJ;Chinook;
CHN_absolute_monarchy;;
CHN_bourgeois_dictatorship;;
CHN_democracy;;
CHN_fascist_dictatorship;;
CHN_hms_government;;
CHN_proletarian_dictatorship;;
CHN_prussian_constitutionalism;;
CHN_anarcho_liberal;;
CHN_communist;;
CHN_conservative;;
CHN_fascist;;
CHN_liberal;;
CHN_reactionary;;
CHN_socialist;;
CHR;Chernigov;
CHR_ADJ;Chernihivite;
CHR_absolute_monarchy;;
CHR_bourgeois_dictatorship;;
CHR_democracy;;
CHR_fascist_dictatorship;;
CHR_hms_government;;
CHR_proletarian_dictatorship;;
CHR_prussian_constitutionalism;;
CHR_anarcho_liberal;;
CHR_communist;;
CHR_conservative;;
CHR_fascist;;
CHR_liberal;;
CHR_reactionary;;
CHR_socialist;;
CLI;Colima;
CLI_ADJ;Coliman;
CLI_absolute_monarchy;;
CLI_bourgeois_dictatorship;;
CLI_democracy;;
CLI_fascist_dictatorship;;
CLI_hms_government;;
CLI_proletarian_dictatorship;;
CLI_prussian_constitutionalism;;
CLI_anarcho_liberal;;
CLI_communist;;
CLI_conservative;;
CLI_fascist;;
CLI_liberal;;
CLI_reactionary;;
CLI_socialist;;
CLN;Carolina;
CLN_ADJ;Carolinian;
CLN_absolute_monarchy;;
CLN_bourgeois_dictatorship;;
CLN_democracy;;
CLN_fascist_dictatorship;;
CLN_hms_government;;
CLN_proletarian_dictatorship;;
CLN_prussian_constitutionalism;;
CLN_anarcho_liberal;;
CLN_communist;;
CLN_conservative;;
CLN_fascist;;
CLN_liberal;;
CLN_reactionary;;
CLN_socialist;;
CNC;Connecticut;
CNC_ADJ;Connecticuter;
CNC_absolute_monarchy;;
CNC_bourgeois_dictatorship;;
CNC_democracy;;
CNC_fascist_dictatorship;;
CNC_hms_government;;
CNC_proletarian_dictatorship;;
CNC_prussian_constitutionalism;;
CNC_anarcho_liberal;;
CNC_communist;;
CNC_conservative;;
CNC_fascist;;
CNC_liberal;;
CNC_reactionary;;
CNC_socialist;;
COC;Cochabamba;
COC_ADJ;Cochabamba;
COC_absolute_monarchy;;
COC_bourgeois_dictatorship;;
COC_democracy;;
COC_fascist_dictatorship;;
COC_hms_government;;
COC_proletarian_dictatorship;;
COC_prussian_constitutionalism;;
COC_anarcho_liberal;;
COC_communist;;
COC_conservative;;
COC_fascist;;
COC_liberal;;
COC_reactionary;;
COC_socialist;;
COM;Comanche;
COM_ADJ;Comanche;
COM_absolute_monarchy;;
COM_bourgeois_dictatorship;;
COM_democracy;;
COM_fascist_dictatorship;;
COM_hms_government;;
COM_proletarian_dictatorship;;
COM_prussian_constitutionalism;;
COM_anarcho_liberal;;
COM_communist;;
COM_conservative;;
COM_fascist;;
COM_liberal;;
COM_reactionary;;
COM_socialist;;
COU;Counani;
COU_ADJ;Counani;
COU_absolute_monarchy;;
COU_bourgeois_dictatorship;;
COU_democracy;;
COU_fascist_dictatorship;;
COU_hms_government;;
COU_proletarian_dictatorship;;
COU_prussian_constitutionalism;;
COU_anarcho_liberal;;
COU_communist;;
COU_conservative;;
COU_fascist;;
COU_liberal;;
COU_reactionary;;
COU_socialist;;
CSA;Brasil;
CSA_ADJ;Brasil;
CSA_absolute_monarchy;Brasil;
CSA_bourgeois_dictatorship;Brasil;
CSA_democracy;Brasil;
CSA_fascist_dictatorship;Brasil;
CSA_hms_government;Brasil;
CSA_proletarian_dictatorship;Brasil;
CSA_prussian_constitutionalism;Brasil;
CSA_anarcho_liberal;;
CSA_communist;;
CSA_conservative;;
CSA_fascist;;
CSA_liberal;;
CSA_reactionary;;
CSA_socialist;;
CSU;Chichansuyu;
CSU_ADJ;Incan;
CSU_absolute_monarchy;;
CSU_bourgeois_dictatorship;;
CSU_democracy;;
CSU_fascist_dictatorship;;
CSU_hms_government;;
CSU_proletarian_dictatorship;;
CSU_prussian_constitutionalism;;
CSU_anarcho_liberal;;
CSU_communist;;
CSU_conservative;;
CSU_fascist;;
CSU_liberal;;
CSU_reactionary;;
CSU_socialist;;
CUR;Curonia;
CUR_ADJ;Curonian;
CUR_absolute_monarchy;;
CUR_bourgeois_dictatorship;;
CUR_democracy;;
CUR_fascist_dictatorship;;
CUR_hms_government;;
CUR_proletarian_dictatorship;;
CUR_prussian_constitutionalism;;
CUR_anarcho_liberal;;
CUR_communist;;
CUR_conservative;;
CUR_fascist;;
CUR_liberal;;
CUR_reactionary;;
CUR_socialist;;
CUS;Cusco;
CUS_ADJ;Incan;
CUS_absolute_monarchy;;
CUS_bourgeois_dictatorship;;
CUS_democracy;;
CUS_fascist_dictatorship;;
CUS_hms_government;;
CUS_proletarian_dictatorship;;
CUS_prussian_constitutionalism;;
CUS_anarcho_liberal;;
CUS_communist;;
CUS_conservative;;
CUS_fascist;;
CUS_liberal;;
CUS_reactionary;;
CUS_socialist;;
DAC;Dacia;
DAC_ADJ;Dacian;
DAC_absolute_monarchy;;
DAC_bourgeois_dictatorship;;
DAC_democracy;;
DAC_fascist_dictatorship;;
DAC_hms_government;;
DAC_proletarian_dictatorship;;
DAC_prussian_constitutionalism;;
DAC_anarcho_liberal;;
DAC_communist;;
DAC_conservative;;
DAC_fascist;;
DAC_liberal;;
DAC_reactionary;;
DAC_socialist;;
DER;Deira;
DER_ADJ;Deiran;
DER_absolute_monarchy;;
DER_bourgeois_dictatorship;;
DER_democracy;Republic of York;
DER_fascist_dictatorship;;
DER_hms_government;;
DER_proletarian_dictatorship;York Commune;
DER_prussian_constitutionalism;;
DER_anarcho_liberal;;
DER_communist;;
DER_conservative;;
DER_fascist;;
DER_liberal;;
DER_reactionary;;
DER_socialist;;
DUB;Dublin;
DUB_ADJ;Dubliner;
DUB_absolute_monarchy;;
DUB_bourgeois_dictatorship;;
DUB_democracy;;
DUB_fascist_dictatorship;;
DUB_hms_government;;
DUB_proletarian_dictatorship;;
DUB_prussian_constitutionalism;;
DUB_anarcho_liberal;;
DUB_communist;;
DUB_conservative;;
DUB_fascist;;
DUB_liberal;;
DUB_reactionary;;
DUB_socialist;;
EAN;East Anglia;
EAN_ADJ;East Anglian;
EAN_absolute_monarchy;;
EAN_bourgeois_dictatorship;;
EAN_democracy;;
EAN_fascist_dictatorship;;
EAN_hms_government;;
EAN_proletarian_dictatorship;;
EAN_prussian_constitutionalism;;
EAN_anarcho_liberal;;
EAN_communist;;
EAN_conservative;;
EAN_fascist;;
EAN_liberal;;
EAN_reactionary;;
EAN_socialist;;
FCI;Four Cities;
FCI_ADJ;Four Cities;
FCI_absolute_monarchy;;
FCI_bourgeois_dictatorship;;
FCI_democracy;;
FCI_fascist_dictatorship;;
FCI_hms_government;;
FCI_proletarian_dictatorship;;
FCI_prussian_constitutionalism;;
FCI_anarcho_liberal;;
FCI_communist;;
FCI_conservative;;
FCI_fascist;;
FCI_liberal;;
FCI_reactionary;;
FCI_socialist;;
FRA;Francia;
FRA_ADJ;Frankish;
FRA_absolute_monarchy;;
FRA_bourgeois_dictatorship;;
FRA_democracy;;
FRA_fascist_dictatorship;;
FRA_hms_government;;
FRA_proletarian_dictatorship;;
FRA_prussian_constitutionalism;;
FRA_anarcho_liberal;;
FRA_communist;;
FRA_conservative;;
FRA_fascist;;
FRA_liberal;;
FRA_reactionary;;
FRA_socialist;;
FRE;Freedonia;
FRE_ADJ;Freedonian;
FRE_absolute_monarchy;;
FRE_bourgeois_dictatorship;;
FRE_democracy;;
FRE_fascist_dictatorship;;
FRE_hms_government;;
FRE_proletarian_dictatorship;;
FRE_prussian_constitutionalism;;
FRE_anarcho_liberal;;
FRE_communist;;
FRE_conservative;;
FRE_fascist;;
FRE_liberal;;
FRE_reactionary;;
FRE_socialist;;
FRI;East Frisia;
FRI_ADJ;Frisian;
FRI_absolute_monarchy;;
FRI_bourgeois_dictatorship;;
FRI_democracy;;
FRI_fascist_dictatorship;;
FRI_hms_government;;
FRI_proletarian_dictatorship;;
FRI_prussian_constitutionalism;;
FRI_anarcho_liberal;;
FRI_communist;;
FRI_conservative;;
FRI_fascist;;
FRI_liberal;;
FRI_reactionary;;
FRI_socialist;;
FWT;Wendish Towns;
FWT_ADJ;Wendish;
FWT_absolute_monarchy;;
FWT_bourgeois_dictatorship;;
FWT_democracy;;
FWT_fascist_dictatorship;;
FWT_hms_government;;
FWT_proletarian_dictatorship;;
FWT_prussian_constitutionalism;;
FWT_anarcho_liberal;;
FWT_communist;;
FWT_conservative;;
FWT_fascist;;
FWT_liberal;;
FWT_reactionary;;
FWT_socialist;;
GAL;Gallia;
GAL_ADJ;Gallic;
GAL_absolute_monarchy;;
GAL_bourgeois_dictatorship;;
GAL_democracy;;
GAL_fascist_dictatorship;;
GAL_hms_government;;
GAL_proletarian_dictatorship;;
GAL_prussian_constitutionalism;;
GAL_anarcho_liberal;;
GAL_communist;;
GAL_conservative;;
GAL_fascist;;
GAL_liberal;;
GAL_reactionary;;
GAL_socialist;;
GAU;Gaul;
GAU_ADJ;Gaulish;
GAU_absolute_monarchy;;
GAU_bourgeois_dictatorship;;
GAU_democracy;;
GAU_fascist_dictatorship;;
GAU_hms_government;;
GAU_proletarian_dictatorship;;
GAU_prussian_constitutionalism;;
GAU_anarcho_liberal;;
GAU_communist;;
GAU_conservative;;
GAU_fascist;;
GAU_liberal;;
GAU_reactionary;;
GAU_socialist;;
GLC;Gallaecia;
GLC_ADJ;Suebian;
GLC_absolute_monarchy;;
GLC_bourgeois_dictatorship;;
GLC_democracy;;
GLC_fascist_dictatorship;The Suebian Reich;
GLC_hms_government;;
GLC_proletarian_dictatorship;;
GLC_prussian_constitutionalism;;
GLC_anarcho_liberal;;
GLC_communist;;
GLC_conservative;;
GLC_fascist;;
GLC_liberal;;
GLC_reactionary;;
GLC_socialist;;
GLD;Geldland;
GLD_ADJ;Geldlander;
GLD_absolute_monarchy;;
GLD_bourgeois_dictatorship;;
GLD_democracy;;
GLD_fascist_dictatorship;;
GLD_hms_government;;
GLD_proletarian_dictatorship;;
GLD_prussian_constitutionalism;;
GLD_anarcho_liberal;;
GLD_communist;;
GLD_conservative;;
GLD_fascist;;
GLD_liberal;;
GLD_reactionary;;
GLD_socialist;;
GLR;Glere;
GLR_ADJ;Glerean;
GLR_absolute_monarchy;;
GLR_bourgeois_dictatorship;;
GLR_democracy;;
GLR_fascist_dictatorship;;
GLR_hms_government;;
GLR_proletarian_dictatorship;;
GLR_prussian_constitutionalism;;
GLR_anarcho_liberal;;
GLR_communist;;
GLR_conservative;;
GLR_fascist;;
GLR_liberal;;
GLR_reactionary;;
GLR_socialist;;
GLS;Galisco;
GLS_ADJ;Galiscan;
GLS_absolute_monarchy;;
GLS_bourgeois_dictatorship;;
GLS_democracy;;
GLS_fascist_dictatorship;;
GLS_hms_government;;
GLS_proletarian_dictatorship;;
GLS_prussian_constitutionalism;;
GLS_anarcho_liberal;;
GLS_communist;;
GLS_conservative;;
GLS_fascist;;
GLS_liberal;;
GLS_reactionary;;
GLS_socialist;;
GLV;Russia;
GLV_ADJ;Rus;
GLV_absolute_monarchy;;
GLV_bourgeois_dictatorship;;
GLV_democracy;;
GLV_fascist_dictatorship;;
GLV_hms_government;;
GLV_proletarian_dictatorship;;
GLV_prussian_constitutionalism;;
GLV_anarcho_liberal;;
GLV_communist;;
GLV_conservative;;
GLV_fascist;;
GLV_liberal;;
GLV_reactionary;;
GLV_socialist;;
HAN;Hansa;
HAN_ADJ;Hanseatic;
HAN_absolute_monarchy;;
HAN_bourgeois_dictatorship;Hanseatic Commune;
HAN_democracy;;
HAN_fascist_dictatorship;HASDAP;
HAN_hms_government;;
HAN_proletarian_dictatorship;;
HAN_prussian_constitutionalism;;
HAN_anarcho_liberal;;
HAN_communist;;
HAN_conservative;;
HAN_fascist;;
HAN_liberal;;
HAN_reactionary;;
HAN_socialist;;
HDL;Handlerland;
HDL_ADJ;Handler;
HDL_absolute_monarchy;;
HDL_bourgeois_dictatorship;;
HDL_democracy;;
HDL_fascist_dictatorship;;
HDL_hms_government;;
HDL_proletarian_dictatorship;;
HDL_prussian_constitutionalism;;
HDL_anarcho_liberal;;
HDL_communist;;
HDL_conservative;;
HDL_fascist;;
HDL_liberal;;
HDL_reactionary;;
HDL_socialist;;
HEL;Helluland;
HEL_ADJ;Hellulandic;
HEL_absolute_monarchy;;
HEL_bourgeois_dictatorship;;
HEL_democracy;;
HEL_fascist_dictatorship;;
HEL_hms_government;;
HEL_proletarian_dictatorship;;
HEL_prussian_constitutionalism;;
HEL_anarcho_liberal;;
HEL_communist;;
HEL_conservative;;
HEL_fascist;;
HEL_liberal;;
HEL_reactionary;;
HEL_socialist;;
HLL;Holland;
HLL_ADJ;Dutch;
HLL_absolute_monarchy;;
HLL_bourgeois_dictatorship;;
HLL_democracy;;
HLL_fascist_dictatorship;;
HLL_hms_government;;
HLL_proletarian_dictatorship;;
HLL_prussian_constitutionalism;;
HLL_anarcho_liberal;;
HLL_communist;;
HLL_conservative;;
HLL_fascist;;
HLL_liberal;;
HLL_reactionary;;
HLL_socialist;;
HNS;Hunsrikland;
HNS_ADJ;Hunsrik;
HNS_absolute_monarchy;;
HNS_bourgeois_dictatorship;;
HNS_democracy;;
HNS_fascist_dictatorship;;
HNS_hms_government;;
HNS_proletarian_dictatorship;;
HNS_prussian_constitutionalism;;
HNS_anarcho_liberal;;
HNS_communist;;
HNS_conservative;;
HNS_fascist;;
HNS_liberal;;
HNS_reactionary;;
HNS_socialist;;
HUA;Huasteca;
HUA_ADJ;Huasteca;
HUA_absolute_monarchy;;
HUA_bourgeois_dictatorship;;
HUA_democracy;;
HUA_fascist_dictatorship;;
HUA_hms_government;;
HUA_proletarian_dictatorship;;
HUA_prussian_constitutionalism;;
HUA_anarcho_liberal;;
HUA_communist;;
HUA_conservative;;
HUA_fascist;;
HUA_liberal;;
HUA_reactionary;;
HUA_socialist;;
HWI;Hanseatic West India Company;
HWI_ADJ;Hanseatic;
HWI_absolute_monarchy;;
HWI_bourgeois_dictatorship;;
HWI_democracy;;
HWI_fascist_dictatorship;;
HWI_hms_government;;
HWI_proletarian_dictatorship;;
HWI_prussian_constitutionalism;;
HWI_anarcho_liberal;;
HWI_communist;;
HWI_conservative;;
HWI_fascist;;
HWI_liberal;;
HWI_reactionary;;
HWI_socialist;;
IBE;Iberia;
IBE_ADJ;Hispanic;
IBE_absolute_monarchy;;
IBE_bourgeois_dictatorship;;
IBE_democracy;;
IBE_fascist_dictatorship;;
IBE_hms_government;;
IBE_proletarian_dictatorship;;
IBE_prussian_constitutionalism;;
IBE_anarcho_liberal;;
IBE_communist;;
IBE_conservative;;
IBE_fascist;;
IBE_liberal;;
IBE_reactionary;;
IBE_socialist;;
IRN;Iron Confederacy;
IRN_ADJ;Confederate;
IRN_absolute_monarchy;;
IRN_bourgeois_dictatorship;;
IRN_democracy;;
IRN_fascist_dictatorship;;
IRN_hms_government;;
IRN_proletarian_dictatorship;;
IRN_prussian_constitutionalism;;
IRN_anarcho_liberal;;
IRN_communist;;
IRN_conservative;;
IRN_fascist;;
IRN_liberal;;
IRN_reactionary;;
IRN_socialist;;
IRO;Irokesen;
IRO_ADJ;Irokesen;
IRO_absolute_monarchy;;
IRO_bourgeois_dictatorship;;
IRO_democracy;;
IRO_fascist_dictatorship;;
IRO_hms_government;;
IRO_proletarian_dictatorship;;
IRO_prussian_constitutionalism;;
IRO_anarcho_liberal;;
IRO_communist;;
IRO_conservative;;
IRO_fascist;;
IRO_liberal;;
IRO_reactionary;;
IRO_socialist;;
ITA;Italia;
ITA_ADJ;Italian;
ITA_absolute_monarchy;;
ITA_bourgeois_dictatorship;;
ITA_democracy;;
ITA_fascist_dictatorship;;
ITA_hms_government;;
ITA_proletarian_dictatorship;;
ITA_prussian_constitutionalism;;
ITA_anarcho_liberal;;
ITA_communist;;
ITA_conservative;;
ITA_fascist;;
ITA_liberal;;
ITA_reactionary;;
ITA_socialist;;
KAZ;Khazakia;
KAZ_ADJ;Khazakian;
KAZ_absolute_monarchy;;
KAZ_bourgeois_dictatorship;;
KAZ_democracy;;
KAZ_fascist_dictatorship;;
KAZ_hms_government;;
KAZ_proletarian_dictatorship;;
KAZ_prussian_constitutionalism;;
KAZ_anarcho_liberal;;
KAZ_communist;;
KAZ_conservative;;
KAZ_fascist;;
KAZ_liberal;;
KAZ_reactionary;;
KAZ_socialist;;
KBG;Königsberg;
KBG_ADJ;Königsberger;
KBG_absolute_monarchy;;
KBG_bourgeois_dictatorship;;
KBG_democracy;;
KBG_fascist_dictatorship;;
KBG_hms_government;;
KBG_proletarian_dictatorship;;
KBG_prussian_constitutionalism;;
KBG_anarcho_liberal;;
KBG_communist;;
KBG_conservative;;
KBG_fascist;;
KBG_liberal;;
KBG_reactionary;;
KBG_socialist;;
KHZ;Khazaria;
KHZ_ADJ;Khazarian;
KHZ_absolute_monarchy;;
KHZ_bourgeois_dictatorship;;
KHZ_democracy;;
KHZ_fascist_dictatorship;;
KHZ_hms_government;;
KHZ_proletarian_dictatorship;;
KHZ_prussian_constitutionalism;;
KHZ_anarcho_liberal;;
KHZ_communist;;
KHZ_conservative;;
KHZ_fascist;;
KHZ_liberal;;
KHZ_reactionary;;
KHZ_socialist;;
KLE;Kleves;
KLE_ADJ;Klevian;
KLE_absolute_monarchy;;
KLE_bourgeois_dictatorship;;
KLE_democracy;;
KLE_fascist_dictatorship;;
KLE_hms_government;;
KLE_proletarian_dictatorship;;
KLE_prussian_constitutionalism;;
KLE_anarcho_liberal;;
KLE_communist;;
KLE_conservative;;
KLE_fascist;;
KLE_liberal;;
KLE_reactionary;;
KLE_socialist;;
KLA;Klaipeda;
KLA_ADJ;Klaipedan;
KLA_absolute_monarchy;;
KLA_bourgeois_dictatorship;;
KLA_democracy;;
KLA_fascist_dictatorship;;
KLA_hms_government;;
KLA_proletarian_dictatorship;;
KLA_prussian_constitutionalism;;
KLA_anarcho_liberal;;
KLA_communist;;
KLA_conservative;;
KLA_fascist;;
KLA_liberal;;
KLA_reactionary;;
KLA_socialist;;
KLF;Kalifornia;
KLF_ADJ;Kalifornian;
KLF_absolute_monarchy;;
KLF_bourgeois_dictatorship;;
KLF_democracy;;
KLF_fascist_dictatorship;;
KLF_hms_government;;
KLF_proletarian_dictatorship;;
KLF_prussian_constitutionalism;;
KLF_anarcho_liberal;;
KLF_communist;;
KLF_conservative;;
KLF_fascist;;
KLF_liberal;;
KLF_reactionary;;
KLF_socialist;;
KOL;Cologne;
KOL_ADJ;Cologneian;
KOL_absolute_monarchy;;
KOL_bourgeois_dictatorship;;
KOL_democracy;;
KOL_fascist_dictatorship;;
KOL_hms_government;;
KOL_proletarian_dictatorship;;
KOL_prussian_constitutionalism;;
KOL_anarcho_liberal;;
KOL_communist;;
KOL_conservative;;
KOL_fascist;;
KOL_liberal;;
KOL_reactionary;;
KOL_socialist;;
KUM;Magyaria;
KUM_ADJ;Magyarian;
KUM_absolute_monarchy;;
KUM_bourgeois_dictatorship;;
KUM_democracy;;
KUM_fascist_dictatorship;;
KUM_hms_government;;
KUM_proletarian_dictatorship;;
KUM_prussian_constitutionalism;;
KUM_anarcho_liberal;;
KUM_communist;;
KUM_conservative;;
KUM_fascist;;
KUM_liberal;;
KUM_reactionary;;
KUM_socialist;;
KZN;Kazania;
KZN_ADJ;Kazanian;
KZN_absolute_monarchy;;
KZN_bourgeois_dictatorship;;
KZN_democracy;;
KZN_fascist_dictatorship;;
KZN_hms_government;;
KZN_proletarian_dictatorship;;
KZN_prussian_constitutionalism;;
KZN_anarcho_liberal;;
KZN_communist;;
KZN_conservative;;
KZN_fascist;;
KZN_liberal;;
KZN_reactionary;;
KZN_socialist;;
KRS;Kursk;
KRS_ADJ;Kursker;
KRS_absolute_monarchy;;
KRS_bourgeois_dictatorship;;
KRS_democracy;;
KRS_fascist_dictatorship;;
KRS_hms_government;;
KRS_proletarian_dictatorship;;
KRS_prussian_constitutionalism;;
KRS_anarcho_liberal;;
KRS_communist;;
KRS_conservative;;
KRS_fascist;;
KRS_liberal;;
KRS_reactionary;;
KRS_socialist;;
KSL;Karlstein;
KSL_ADJ;Karlsteiner;
KSL_absolute_monarchy;;
KSL_bourgeois_dictatorship;;
KSL_democracy;;
KSL_fascist_dictatorship;;
KSL_hms_government;;
KSL_proletarian_dictatorship;;
KSL_prussian_constitutionalism;;
KSL_anarcho_liberal;;
KSL_communist;;
KSL_conservative;;
KSL_fascist;;
KSL_liberal;;
KSL_reactionary;;
KSL_socialist;;
KSU;Kuntisuyu;
KSU_ADJ;Incan;
KSU_absolute_monarchy;;
KSU_bourgeois_dictatorship;;
KSU_democracy;;
KSU_fascist_dictatorship;;
KSU_hms_government;;
KSU_proletarian_dictatorship;;
KSU_prussian_constitutionalism;;
KSU_anarcho_liberal;;
KSU_communist;;
KSU_conservative;;
KSU_fascist;;
KSU_liberal;;
KSU_reactionary;;
KSU_socialist;;
LAP;Lappland;
LAP_ADJ;Lapplaner;
LAP_absolute_monarchy;;
LAP_bourgeois_dictatorship;;
LAP_democracy;;
LAP_fascist_dictatorship;;
LAP_hms_government;;
LAP_proletarian_dictatorship;;
LAP_prussian_constitutionalism;;
LAP_anarcho_liberal;;
LAP_communist;;
LAP_conservative;;
LAP_fascist;;
LAP_liberal;;
LAP_reactionary;;
LAP_socialist;;
LAR;Laurentia;
LAR_ADJ;Laurentian;
LAR_absolute_monarchy;;
LAR_bourgeois_dictatorship;;
LAR_democracy;;
LAR_fascist_dictatorship;;
LAR_hms_government;;
LAR_proletarian_dictatorship;;
LAR_prussian_constitutionalism;;
LAR_anarcho_liberal;;
LAR_communist;;
LAR_conservative;;
LAR_fascist;;
LAR_liberal;;
LAR_reactionary;;
LAR_socialist;;
LAU;Lauenburg;
LAU_ADJ;Lauenburger;
LAU_absolute_monarchy;;
LAU_bourgeois_dictatorship;;
LAU_democracy;;
LAU_fascist_dictatorship;;
LAU_hms_government;;
LAU_proletarian_dictatorship;;
LAU_prussian_constitutionalism;;
LAU_anarcho_liberal;;
LAU_communist;;
LAU_conservative;;
LAU_fascist;;
LAU_liberal;;
LAU_reactionary;;
LAU_socialist;;
LAZ;Lazica;
LAZ_ADJ;Lazican;
LAZ_absolute_monarchy;;
LAZ_bourgeois_dictatorship;;
LAZ_democracy;;
LAZ_fascist_dictatorship;;
LAZ_hms_government;;
LAZ_proletarian_dictatorship;;
LAZ_prussian_constitutionalism;;
LAZ_anarcho_liberal;;
LAZ_communist;;
LAZ_conservative;;
LAZ_fascist;;
LAZ_liberal;;
LAZ_reactionary;;
LAZ_socialist;;
LIV;Livonia;
LIV_ADJ;Livonian;
LIV_absolute_monarchy;;
LIV_bourgeois_dictatorship;;
LIV_democracy;;
LIV_fascist_dictatorship;;
LIV_hms_government;;
LIV_proletarian_dictatorship;;
LIV_prussian_constitutionalism;;
LIV_anarcho_liberal;;
LIV_communist;;
LIV_conservative;;
LIV_fascist;;
LIV_liberal;;
LIV_reactionary;;
LIV_socialist;;
LTG;Latgalia;
LTG_ADJ;;
LTG_absolute_monarchy;Latgalian;
LTG_bourgeois_dictatorship;;
LTG_democracy;;
LTG_fascist_dictatorship;;
LTG_hms_government;;
LTG_proletarian_dictatorship;;
LTG_prussian_constitutionalism;;
LTG_anarcho_liberal;;
LTG_communist;;
LTG_conservative;;
LTG_fascist;;
LTG_liberal;;
LTG_reactionary;;
LTG_socialist;;
LMB;Lombardy;
LMB_ADJ;Lombard;
LMB_absolute_monarchy;;
LMB_bourgeois_dictatorship;;
LMB_democracy;;
LMB_fascist_dictatorship;;
LMB_hms_government;;
LMB_proletarian_dictatorship;;
LMB_prussian_constitutionalism;;
LMB_anarcho_liberal;;
LMB_communist;;
LMB_conservative;;
LMB_fascist;;
LMB_liberal;;
LMB_reactionary;;
LMB_socialist;;
LON;Londinium;
LON_ADJ;Londinian;
LON_absolute_monarchy;;
LON_bourgeois_dictatorship;;
LON_democracy;The Free City of Londinium;
LON_fascist_dictatorship;Britannia;
LON_hms_government;;
LON_proletarian_dictatorship;The London Commune;
LON_prussian_constitutionalism;;
LON_anarcho_liberal;Libertatem Faction;
LON_communist;Seditiosa Faction;
LON_conservative;Optimates Faction;
LON_fascist;Liberatores Faction;
LON_liberal;Populares Faction;
LON_reactionary;Caesarian Faction;
LON_socialist;Plebeius Faction;
MAG;Magdeburg;
MAG_ADJ;Magdeburger;
MAG_absolute_monarchy;;
MAG_bourgeois_dictatorship;;
MAG_democracy;;
MAG_fascist_dictatorship;;
MAG_hms_government;;
MAG_proletarian_dictatorship;;
MAG_prussian_constitutionalism;;
MAG_anarcho_liberal;;
MAG_communist;;
MAG_conservative;;
MAG_fascist;;
MAG_liberal;;
MAG_reactionary;;
MAG_socialist;;
MAI;Mainz;
MAI_ADJ;Mainz;
MAI_absolute_monarchy;;
MAI_bourgeois_dictatorship;;
MAI_democracy;;
MAI_fascist_dictatorship;;
MAI_hms_government;;
MAI_proletarian_dictatorship;;
MAI_prussian_constitutionalism;;
MAI_anarcho_liberal;;
MAI_communist;;
MAI_conservative;;
MAI_fascist;;
MAI_liberal;;
MAI_reactionary;;
MAI_socialist;;
MAK;Makuria;
MAK_ADJ;Makurian;
MAK_absolute_monarchy;;
MAK_bourgeois_dictatorship;;
MAK_democracy;;
MAK_fascist_dictatorship;;
MAK_hms_government;;
MAK_proletarian_dictatorship;;
MAK_prussian_constitutionalism;;
MAK_anarcho_liberal;;
MAK_communist;;
MAK_conservative;;
MAK_fascist;;
MAK_liberal;;
MAK_reactionary;;
MAK_socialist;;
MAR;Markland;
MAR_ADJ;Marklandic;
MAR_absolute_monarchy;;
MAR_bourgeois_dictatorship;;
MAR_democracy;;
MAR_fascist_dictatorship;;
MAR_hms_government;;
MAR_proletarian_dictatorship;;
MAR_prussian_constitutionalism;;
MAR_anarcho_liberal;;
MAR_communist;;
MAR_conservative;;
MAR_fascist;;
MAR_liberal;;
MAR_reactionary;;
MAR_socialist;;
MDC;Madoc;
MDC_ADJ;Madocian;
MDC_absolute_monarchy;;
MDC_bourgeois_dictatorship;;
MDC_democracy;;
MDC_fascist_dictatorship;;
MDC_hms_government;;
MDC_proletarian_dictatorship;;
MDC_prussian_constitutionalism;;
MDC_anarcho_liberal;;
MDC_communist;;
MDC_conservative;;
MDC_fascist;;
MDC_liberal;;
MDC_reactionary;;
MDC_socialist;;
MGH;Gaetulia;
MGH_ADJ;Gaetulian;
MGH_absolute_monarchy;;
MGH_bourgeois_dictatorship;;
MGH_democracy;;
MGH_fascist_dictatorship;;
MGH_hms_government;;
MGH_proletarian_dictatorship;;
MGH_prussian_constitutionalism;;
MGH_anarcho_liberal;;
MGH_communist;;
MGH_conservative;;
MGH_fascist;;
MGH_liberal;;
MGH_reactionary;;
MGH_socialist;;
MIQ;Miquelon;
MIQ_ADJ;Vasconian;
MIQ_absolute_monarchy;;
MIQ_bourgeois_dictatorship;;
MIQ_democracy;;
MIQ_fascist_dictatorship;;
MIQ_hms_government;;
MIQ_proletarian_dictatorship;;
MIQ_prussian_constitutionalism;;
MIQ_anarcho_liberal;;
MIQ_communist;;
MIQ_conservative;;
MIQ_fascist;;
MIQ_liberal;;
MIQ_reactionary;;
MIQ_socialist;;
MIX;Mixteca;
MIX_ADJ;Mixtecan;
MIX_absolute_monarchy;;
MIX_bourgeois_dictatorship;;
MIX_democracy;;
MIX_fascist_dictatorship;;
MIX_hms_government;;
MIX_proletarian_dictatorship;;
MIX_prussian_constitutionalism;;
MIX_anarcho_liberal;;
MIX_communist;;
MIX_conservative;;
MIX_fascist;;
MIX_liberal;;
MIX_reactionary;;
MIX_socialist;;
MOR;Mauretania;
MOR_ADJ;Mauretanian;
MOR_absolute_monarchy;;
MOR_bourgeois_dictatorship;;
MOR_democracy;;
MOR_fascist_dictatorship;;
MOR_hms_government;;
MOR_proletarian_dictatorship;;
MOR_prussian_constitutionalism;;
MOR_anarcho_liberal;;
MOR_communist;;
MOR_conservative;;
MOR_fascist;;
MOR_liberal;;
MOR_reactionary;;
MOR_socialist;;
MRO;Maroonia;
MRO_ADJ;Maroon;
MRO_absolute_monarchy;;
MRO_bourgeois_dictatorship;;
MRO_democracy;;
MRO_fascist_dictatorship;;
MRO_hms_government;;
MRO_proletarian_dictatorship;;
MRO_prussian_constitutionalism;;
MRO_anarcho_liberal;;
MRO_communist;;
MRO_conservative;;
MRO_fascist;;
MRO_liberal;;
MRO_reactionary;;
MRO_socialist;;
MRV;Greater Moravia;
MRV_ADJ;Moravian;
MRV_absolute_monarchy;;
MRV_bourgeois_dictatorship;;
MRV_democracy;;
MRV_fascist_dictatorship;;
MRV_hms_government;;
MRV_proletarian_dictatorship;;
MRV_prussian_constitutionalism;;
MRV_anarcho_liberal;;
MRV_communist;;
MRV_conservative;;
MRV_fascist;;
MRV_liberal;;
MRV_reactionary;;
MRV_socialist;;
MSS;Massachusetts;
MSS_ADJ;Yankee;
MSS_absolute_monarchy;;
MSS_bourgeois_dictatorship;;
MSS_democracy;;
MSS_fascist_dictatorship;;
MSS_hms_government;;
MSS_proletarian_dictatorship;;
MSS_prussian_constitutionalism;;
MSS_anarcho_liberal;;
MSS_communist;;
MSS_conservative;;
MSS_fascist;;
MSS_liberal;;
MSS_reactionary;;
MSS_socialist;;
MUI;Muisca;
MUI_ADJ;Muiscan;
MUI_absolute_monarchy;;
MUI_bourgeois_dictatorship;;
MUI_democracy;;
MUI_fascist_dictatorship;;
MUI_hms_government;;
MUI_proletarian_dictatorship;;
MUI_prussian_constitutionalism;;
MUI_anarcho_liberal;;
MUI_communist;;
MUI_conservative;;
MUI_fascist;;
MUI_liberal;;
MUI_reactionary;;
MUI_socialist;;
MUS;Muscovy;
MUS_ADJ;Muscovite;
MUS_absolute_monarchy;;
MUS_bourgeois_dictatorship;;
MUS_democracy;;
MUS_fascist_dictatorship;;
MUS_hms_government;;
MUS_proletarian_dictatorship;;
MUS_prussian_constitutionalism;;
MUS_anarcho_liberal;;
MUS_communist;;
MUS_conservative;;
MUS_fascist;;
MUS_liberal;;
MUS_reactionary;;
MUS_socialist;;
MYA;Mayapan League;
MYA_ADJ;Mayan;
MYA_absolute_monarchy;;
MYA_bourgeois_dictatorship;;
MYA_democracy;;
MYA_fascist_dictatorship;;
MYA_hms_government;;
MYA_proletarian_dictatorship;;
MYA_prussian_constitutionalism;;
MYA_anarcho_liberal;;
MYA_communist;;
MYA_conservative;;
MYA_fascist;;
MYA_liberal;;
MYA_reactionary;;
MYA_socialist;;
NAR;Narbornesis;
NAR_ADJ;Narbornesi;
NAR_absolute_monarchy;;
NAR_bourgeois_dictatorship;;
NAR_democracy;;
NAR_fascist_dictatorship;;
NAR_hms_government;;
NAR_proletarian_dictatorship;;
NAR_prussian_constitutionalism;;
NAR_anarcho_liberal;;
NAR_communist;;
NAR_conservative;;
NAR_fascist;;
NAR_liberal;;
NAR_reactionary;;
NAR_socialist;;
NAV;Navajo;
NAV_ADJ;Navajo;
NAV_absolute_monarchy;;
NAV_bourgeois_dictatorship;;
NAV_democracy;;
NAV_fascist_dictatorship;;
NAV_hms_government;;
NAV_proletarian_dictatorship;;
NAV_prussian_constitutionalism;;
NAV_anarcho_liberal;;
NAV_communist;;
NAV_conservative;;
NAV_fascist;;
NAV_liberal;;
NAV_reactionary;;
NAV_socialist;;
NCD;New Caledonia;
NCD_ADJ;Caledonian;
NCD_absolute_monarchy;;
NCD_bourgeois_dictatorship;;
NCD_democracy;;
NCD_fascist_dictatorship;;
NCD_hms_government;;
NCD_proletarian_dictatorship;;
NCD_prussian_constitutionalism;;
NCD_anarcho_liberal;;
NCD_communist;;
NCD_conservative;;
NCD_fascist;;
NCD_liberal;;
NCD_reactionary;;
NCD_socialist;;
NNE;New Netherlands;
NNE_ADJ;Havensmen;
NNE_absolute_monarchy;;
NNE_bourgeois_dictatorship;;
NNE_democracy;;
NNE_fascist_dictatorship;;
NNE_hms_government;;
NNE_proletarian_dictatorship;;
NNE_prussian_constitutionalism;;
NNE_anarcho_liberal;;
NNE_communist;;
NNE_conservative;;
NNE_fascist;;
NNE_liberal;;
NNE_reactionary;;
NNE_socialist;;
NOP;Northern Provinces;
NOP_ADJ;Hanseatic;
NOP_absolute_monarchy;;
NOP_bourgeois_dictatorship;;
NOP_democracy;;
NOP_fascist_dictatorship;;
NOP_hms_government;;
NOP_proletarian_dictatorship;;
NOP_prussian_constitutionalism;;
NOP_anarcho_liberal;;
NOP_communist;;
NOP_conservative;;
NOP_fascist;;
NOP_liberal;;
NOP_reactionary;;
NOP_socialist;;
NOV;Novgorod;
NOV_ADJ;Novgorodian;
NOV_absolute_monarchy;;
NOV_bourgeois_dictatorship;;
NOV_democracy;;
NOV_fascist_dictatorship;;
NOV_hms_government;;
NOV_proletarian_dictatorship;;
NOV_prussian_constitutionalism;;
NOV_anarcho_liberal;;
NOV_communist;;
NOV_conservative;;
NOV_fascist;;
NOV_liberal;;
NOV_reactionary;;
NOV_socialist;;
NUM;Nuremburg;
NUM_ADJ;Nuremburger;
NUM_absolute_monarchy;;
NUM_bourgeois_dictatorship;;
NUM_democracy;;
NUM_fascist_dictatorship;;
NUM_hms_government;;
NUM_proletarian_dictatorship;;
NUM_prussian_constitutionalism;;
NUM_anarcho_liberal;;
NUM_communist;;
NUM_conservative;;
NUM_fascist;;
NUM_liberal;;
NUM_reactionary;;
NUM_socialist;;
NVS;Nova Scotia;
NVS_ADJ;Nova Scotian;
NVS_absolute_monarchy;;
NVS_bourgeois_dictatorship;;
NVS_democracy;;
NVS_fascist_dictatorship;;
NVS_hms_government;;
NVS_proletarian_dictatorship;;
NVS_prussian_constitutionalism;;
NVS_anarcho_liberal;;
NVS_communist;;
NVS_conservative;;
NVS_fascist;;
NVS_liberal;;
NVS_reactionary;;
NVS_socialist;;
NSV;New Sweden;
NSV_ADJ;Jagborviken;
NSV_absolute_monarchy;;
NSV_bourgeois_dictatorship;;
NSV_democracy;;
NSV_fascist_dictatorship;;
NSV_hms_government;;
NSV_proletarian_dictatorship;;
NSV_prussian_constitutionalism;;
NSV_anarcho_liberal;;
NSV_communist;;
NSV_conservative;;
NSV_fascist;;
NSV_liberal;;
NSV_reactionary;;
NSV_socialist;;
NWH;New Holland;
NWH_ADJ;New Hollander;
NWH_absolute_monarchy;;
NWH_bourgeois_dictatorship;;
NWH_democracy;;
NWH_fascist_dictatorship;;
NWH_hms_government;;
NWH_proletarian_dictatorship;;
NWH_prussian_constitutionalism;;
NWH_anarcho_liberal;;
NWH_communist;;
NWH_conservative;;
NWH_fascist;;
NWH_liberal;;
NWH_reactionary;;
NWH_socialist;;
OBO;Obotritia;
OBO_ADJ;Obotrite;
OBO_absolute_monarchy;;
OBO_bourgeois_dictatorship;;
OBO_democracy;;
OBO_fascist_dictatorship;;
OBO_hms_government;;
OBO_proletarian_dictatorship;;
OBO_prussian_constitutionalism;;
OBO_anarcho_liberal;;
OBO_communist;;
OBO_conservative;;
OBO_fascist;;
OBO_liberal;;
OBO_reactionary;;
OBO_socialist;;
OHI;Ohio;
OHI_ADJ;Ohioan;
OHI_absolute_monarchy;;
OHI_bourgeois_dictatorship;;
OHI_democracy;;
OHI_fascist_dictatorship;;
OHI_hms_government;;
OHI_proletarian_dictatorship;;
OHI_prussian_constitutionalism;;
OHI_anarcho_liberal;;
OHI_communist;;
OHI_conservative;;
OHI_fascist;;
OHI_liberal;;
OHI_reactionary;;
OHI_socialist;;
PAL;Palatinate;
PAL_ADJ;Palatinate;
PAL_absolute_monarchy;;
PAL_bourgeois_dictatorship;;
PAL_democracy;;
PAL_fascist_dictatorship;;
PAL_hms_government;;
PAL_proletarian_dictatorship;;
PAL_prussian_constitutionalism;;
PAL_anarcho_liberal;;
PAL_communist;;
PAL_conservative;;
PAL_fascist;;
PAL_liberal;;
PAL_reactionary;;
PAL_socialist;;
PIM;Pima;
PIM_ADJ;Piman;
PIM_absolute_monarchy;;
PIM_bourgeois_dictatorship;;
PIM_democracy;;
PIM_fascist_dictatorship;;
PIM_hms_government;;
PIM_proletarian_dictatorship;;
PIM_prussian_constitutionalism;;
PIM_anarcho_liberal;;
PIM_communist;;
PIM_conservative;;
PIM_fascist;;
PIM_liberal;;
PIM_reactionary;;
PIM_socialist;;
PLB;Polabia;
PLB_ADJ;Polabian;
PLB_absolute_monarchy;;
PLB_bourgeois_dictatorship;;
PLB_democracy;;
PLB_fascist_dictatorship;;
PLB_hms_government;;
PLB_proletarian_dictatorship;;
PLB_prussian_constitutionalism;;
PLB_anarcho_liberal;;
PLB_communist;;
PLB_conservative;;
PLB_fascist;;
PLB_liberal;;
PLB_reactionary;;
PLB_socialist;;
PLT;Polotsk;
PLT_ADJ;Polotskian;
PLT_absolute_monarchy;;
PLT_bourgeois_dictatorship;;
PLT_democracy;;
PLT_fascist_dictatorship;;
PLT_hms_government;;
PLT_proletarian_dictatorship;;
PLT_prussian_constitutionalism;;
PLT_anarcho_liberal;;
PLT_communist;;
PLT_conservative;;
PLT_fascist;;
PLT_liberal;;
PLT_reactionary;;
PLT_socialist;;
PNN;Pannonia;
PNN_ADJ;Pannonian;
PNN_absolute_monarchy;;
PNN_bourgeois_dictatorship;;
PNN_democracy;;
PNN_fascist_dictatorship;;
PNN_hms_government;;
PNN_proletarian_dictatorship;;
PNN_prussian_constitutionalism;;
PNN_anarcho_liberal;;
PNN_communist;;
PNN_conservative;;
PNN_fascist;;
PNN_liberal;;
PNN_reactionary;;
PNN_socialist;;
POM;Pomerania;
POM_ADJ;Pomeranian;
POM_absolute_monarchy;;
POM_bourgeois_dictatorship;;
POM_democracy;;
POM_fascist_dictatorship;;
POM_hms_government;;
POM_proletarian_dictatorship;;
POM_prussian_constitutionalism;;
POM_anarcho_liberal;;
POM_communist;;
POM_conservative;;
POM_fascist;;
POM_liberal;;
POM_reactionary;;
POM_socialist;;
POY;Poyais;
POY_ADJ;Poyain;
POY_absolute_monarchy;;
POY_bourgeois_dictatorship;;
POY_democracy;;
POY_fascist_dictatorship;;
POY_hms_government;;
POY_proletarian_dictatorship;;
POY_prussian_constitutionalism;;
POY_anarcho_liberal;;
POY_communist;;
POY_conservative;;
POY_fascist;;
POY_liberal;;
POY_reactionary;;
POY_socialist;;
PRM;Perm;
PRM_ADJ;Permian;
PRM_absolute_monarchy;;
PRM_bourgeois_dictatorship;;
PRM_democracy;;
PRM_fascist_dictatorship;;
PRM_hms_government;;
PRM_proletarian_dictatorship;;
PRM_prussian_constitutionalism;;
PRM_anarcho_liberal;;
PRM_communist;;
PRM_conservative;;
PRM_fascist;;
PRM_liberal;;
PRM_reactionary;;
PRM_socialist;;
PRU;Pruthenia;
PRU_ADJ;Prutherian;
PRU_absolute_monarchy;;
PRU_bourgeois_dictatorship;;
PRU_democracy;;
PRU_fascist_dictatorship;;
PRU_hms_government;;
PRU_proletarian_dictatorship;;
PRU_prussian_constitutionalism;;
PRU_anarcho_liberal;;
PRU_communist;;
PRU_conservative;;
PRU_fascist;;
PRU_liberal;;
PRU_reactionary;;
PRU_socialist;;
QUI;Quito;
QUI_ADJ;Quitan;
QUI_absolute_monarchy;;
QUI_bourgeois_dictatorship;;
QUI_democracy;;
QUI_fascist_dictatorship;;
QUI_hms_government;;
QUI_proletarian_dictatorship;;
QUI_prussian_constitutionalism;;
QUI_anarcho_liberal;;
QUI_communist;;
QUI_conservative;;
QUI_fascist;;
QUI_liberal;;
QUI_reactionary;;
QUI_socialist;;
QSU;Qullasuyu;
QSU_ADJ;Incan;
QSU_absolute_monarchy;;
QSU_bourgeois_dictatorship;;
QSU_democracy;;
QSU_fascist_dictatorship;;
QSU_hms_government;;
QSU_proletarian_dictatorship;;
QSU_prussian_constitutionalism;;
QSU_anarcho_liberal;;
QSU_communist;;
QSU_conservative;;
QSU_fascist;;
QSU_liberal;;
QSU_reactionary;;
QSU_socialist;;
RIG;Riga;
RIG_ADJ;Rigan;
RIG_absolute_monarchy;;
RIG_bourgeois_dictatorship;;
RIG_democracy;The Free City of Riga;
RIG_fascist_dictatorship;;
RIG_hms_government;;
RIG_proletarian_dictatorship;;
RIG_prussian_constitutionalism;;
RIG_anarcho_liberal;;
RIG_communist;;
RIG_conservative;;
RIG_fascist;;
RIG_liberal;;
RIG_reactionary;;
RIG_socialist;;
RIS;Rhode Island;
RIS_ADJ;Rhode Islander;
RIS_absolute_monarchy;;
RIS_bourgeois_dictatorship;;
RIS_democracy;;
RIS_fascist_dictatorship;;
RIS_hms_government;;
RIS_proletarian_dictatorship;;
RIS_prussian_constitutionalism;;
RIS_anarcho_liberal;;
RIS_communist;;
RIS_conservative;;
RIS_fascist;;
RIS_liberal;;
RIS_reactionary;;
RIS_socialist;;
ROS;Rostock;
ROS_ADJ;Rostocker;
ROS_absolute_monarchy;;
ROS_bourgeois_dictatorship;;
ROS_democracy;;
ROS_fascist_dictatorship;;
ROS_hms_government;;
ROS_proletarian_dictatorship;;
ROS_prussian_constitutionalism;;
ROS_anarcho_liberal;;
ROS_communist;;
ROS_conservative;;
ROS_fascist;;
ROS_liberal;;
ROS_reactionary;;
ROS_socialist;;
RYA;Ryazan;
RYA_ADJ;Ryazanian;
RYA_absolute_monarchy;;
RYA_bourgeois_dictatorship;;
RYA_democracy;;
RYA_fascist_dictatorship;;
RYA_hms_government;;
RYA_proletarian_dictatorship;;
RYA_prussian_constitutionalism;;
RYA_anarcho_liberal;;
RYA_communist;;
RYA_conservative;;
RYA_fascist;;
RYA_liberal;;
RYA_reactionary;;
RYA_socialist;;
SAL;Salish;
SAL_ADJ;Salish;
SAL_absolute_monarchy;;
SAL_bourgeois_dictatorship;;
SAL_democracy;;
SAL_fascist_dictatorship;;
SAL_hms_government;;
SAL_proletarian_dictatorship;;
SAL_prussian_constitutionalism;;
SAL_anarcho_liberal;;
SAL_communist;;
SAL_conservative;;
SAL_fascist;;
SAL_liberal;;
SAL_reactionary;;
SAL_socialist;;
SAM;Samogitia;
SAM_ADJ;Samogitian;
SAM_absolute_monarchy;;
SAM_bourgeois_dictatorship;;
SAM_democracy;;
SAM_fascist_dictatorship;;
SAM_hms_government;;
SAM_proletarian_dictatorship;;
SAM_prussian_constitutionalism;;
SAM_anarcho_liberal;;
SAM_communist;;
SAM_conservative;;
SAM_fascist;;
SAM_liberal;;
SAM_reactionary;;
SAM_socialist;;
SEL;Selonia;
SEL_ADJ;Selonian;
SEL_absolute_monarchy;;
SEL_bourgeois_dictatorship;;
SEL_democracy;;
SEL_fascist_dictatorship;;
SEL_hms_government;;
SEL_proletarian_dictatorship;;
SEL_prussian_constitutionalism;;
SEL_anarcho_liberal;;
SEL_communist;;
SEL_conservative;;
SEL_fascist;;
SEL_liberal;;
SEL_reactionary;;
SEL_socialist;;
SEM;Semigallia;
SEM_ADJ;Semigallian;
SEM_absolute_monarchy;;
SEM_bourgeois_dictatorship;;
SEM_democracy;;
SEM_fascist_dictatorship;;
SEM_hms_government;;
SEM_proletarian_dictatorship;;
SEM_prussian_constitutionalism;;
SEM_anarcho_liberal;;
SEM_communist;;
SEM_conservative;;
SEM_fascist;;
SEM_liberal;;
SEM_reactionary;;
SEM_socialist;;
SHS;Shoshone;
SHS_ADJ;Shoshone;
SHS_absolute_monarchy;;
SHS_bourgeois_dictatorship;;
SHS_democracy;;
SHS_fascist_dictatorship;;
SHS_hms_government;;
SHS_proletarian_dictatorship;;
SHS_prussian_constitutionalism;;
SHS_anarcho_liberal;;
SHS_communist;;
SHS_conservative;;
SHS_fascist;;
SHS_liberal;;
SHS_reactionary;;
SHS_socialist;;
SIB;Siberia;
SIB_ADJ;Siberian;
SIB_absolute_monarchy;;
SIB_bourgeois_dictatorship;;
SIB_democracy;;
SIB_fascist_dictatorship;;
SIB_hms_government;;
SIB_proletarian_dictatorship;;
SIB_prussian_constitutionalism;;
SIB_anarcho_liberal;;
SIB_communist;;
SIB_conservative;;
SIB_fascist;;
SIB_liberal;;
SIB_reactionary;;
SIB_socialist;;
SIC;Sicilia;
SIC_ADJ;Sicilian;
SIC_absolute_monarchy;;
SIC_bourgeois_dictatorship;;
SIC_democracy;;
SIC_fascist_dictatorship;;
SIC_hms_government;;
SIC_proletarian_dictatorship;;
SIC_prussian_constitutionalism;;
SIC_anarcho_liberal;;
SIC_communist;;
SIC_conservative;;
SIC_fascist;;
SIC_liberal;;
SIC_reactionary;;
SIC_socialist;;
SIO;Great Sioux Nation;
SIO_ADJ;Sioux;
SIO_absolute_monarchy;;
SIO_bourgeois_dictatorship;;
SIO_democracy;;
SIO_fascist_dictatorship;;
SIO_hms_government;;
SIO_proletarian_dictatorship;;
SIO_prussian_constitutionalism;;
SIO_anarcho_liberal;;
SIO_communist;;
SIO_conservative;;
SIO_fascist;;
SIO_liberal;;
SIO_reactionary;;
SIO_socialist;;
SML;Smolensk;
SML_absolute_monarchy;;
SML_bourgeois_dictatorship;;
SML_democracy;;
SML_fascist_dictatorship;;
SML_hms_government;;
SML_proletarian_dictatorship;;
SML_prussian_constitutionalism;;
SML_anarcho_liberal;;
SML_communist;;
SML_conservative;;
SML_fascist;;
SML_liberal;;
SML_reactionary;;
SML_socialist;;
SOR;Sorbia;
SOR_ADJ;Sorbian;
SOR_absolute_monarchy;;
SOR_bourgeois_dictatorship;;
SOR_democracy;;
SOR_fascist_dictatorship;;
SOR_hms_government;;
SOR_proletarian_dictatorship;;
SOR_prussian_constitutionalism;;
SOR_anarcho_liberal;;
SOR_communist;;
SOR_conservative;;
SOR_fascist;;
SOR_liberal;;
SOR_reactionary;;
SOR_socialist;;
SPA;Hispania;
SPA_ADJ;Hispanian;
SPA_absolute_monarchy;;
SPA_bourgeois_dictatorship;;
SPA_democracy;;
SPA_fascist_dictatorship;;
SPA_hms_government;;
SPA_proletarian_dictatorship;;
SPA_prussian_constitutionalism;;
SPA_anarcho_liberal;;
SPA_communist;;
SPA_conservative;;
SPA_fascist;;
SPA_liberal;;
SPA_reactionary;;
SPA_socialist;;
SPQ;The Roman Empire;
SPQ_ADJ;Roman;
SPQ_absolute_monarchy;The Roman Empire;
SPQ_bourgeois_dictatorship;The Roman People;
SPQ_democracy;The Roman Republic;
SPQ_fascist_dictatorship;The Imperium of Rome;
SPQ_hms_government;The Roman Empire;
SPQ_proletarian_dictatorship;The Roman People's Republic;
SPQ_prussian_constitutionalism;The Roman Empire;
SPQ_anarcho_liberal;Libertatem Faction;
SPQ_communist;Seditiosa Faction;
SPQ_conservative;Optimates Faction;
SPQ_fascist;Liberatores Faction;
SPQ_liberal;Populares Faction;
SPQ_reactionary;Caesarian Faction;
SPQ_socialist;Plebeius Faction;
STE;Stettin;
STE_ADJ;Stettiner;
STE_absolute_monarchy;;
STE_bourgeois_dictatorship;;
STE_democracy;;
STE_fascist_dictatorship;;
STE_hms_government;;
STE_proletarian_dictatorship;;
STE_prussian_constitutionalism;;
STE_anarcho_liberal;;
STE_communist;;
STE_conservative;;
STE_fascist;;
STE_liberal;;
STE_reactionary;;
STE_socialist;;
SWE;Sweden;
SWE_ADJ;Swedish;
SWE_absolute_monarchy;The Swedish Empire;
SWE_bourgeois_dictatorship;;
SWE_democracy;;
SWE_fascist_dictatorship;;
SWE_hms_government;The Swedish Empire;
SWE_proletarian_dictatorship;;
SWE_prussian_constitutionalism;The Swedish Empire;
SWE_anarcho_liberal;;
SWE_communist;;
SWE_conservative;;
SWE_fascist;;
SWE_liberal;;
SWE_reactionary;;
SWE_socialist;;
SWI;Helvetia;
SWI_ADJ;Helvetic;
SWI_absolute_monarchy;;
SWI_bourgeois_dictatorship;;
SWI_democracy;;
SWI_fascist_dictatorship;;
SWI_hms_government;;
SWI_proletarian_dictatorship;;
SWI_prussian_constitutionalism;;
SWI_anarcho_liberal;;
SWI_communist;;
SWI_conservative;;
SWI_fascist;;
SWI_liberal;;
SWI_reactionary;;
SWI_socialist;;
TER;Trier;
TER_ADJ;Trierian;
TER_absolute_monarchy;;
TER_bourgeois_dictatorship;;
TER_democracy;;
TER_fascist_dictatorship;;
TER_hms_government;;
TER_proletarian_dictatorship;;
TER_prussian_constitutionalism;;
TER_anarcho_liberal;;
TER_communist;;
TER_conservative;;
TER_fascist;;
TER_liberal;;
TER_reactionary;;
TER_socialist;;
THU;Thurungia;
THU_ADJ;Thurungian;
THU_absolute_monarchy;;
THU_bourgeois_dictatorship;;
THU_democracy;;
THU_fascist_dictatorship;;
THU_hms_government;;
THU_proletarian_dictatorship;;
THU_prussian_constitutionalism;;
THU_anarcho_liberal;;
THU_communist;;
THU_conservative;;
THU_fascist;;
THU_liberal;;
THU_reactionary;;
THU_socialist;;
TLA;Tlaxcala;
TLA_ADJ;Tlaxcalan;
TLA_absolute_monarchy;;
TLA_bourgeois_dictatorship;;
TLA_democracy;;
TLA_fascist_dictatorship;;
TLA_hms_government;;
TLA_proletarian_dictatorship;;
TLA_prussian_constitutionalism;;
TLA_anarcho_liberal;;
TLA_communist;;
TLA_conservative;;
TLA_fascist;;
TLA_liberal;;
TLA_reactionary;;
TLA_socialist;;
TRS;Tarasca;
TRS_ADJ;Tarascan;
TRS_absolute_monarchy;;
TRS_bourgeois_dictatorship;;
TRS_democracy;;
TRS_fascist_dictatorship;;
TRS_hms_government;;
TRS_proletarian_dictatorship;;
TRS_prussian_constitutionalism;;
TRS_anarcho_liberal;;
TRS_communist;;
TRS_conservative;;
TRS_fascist;;
TRS_liberal;;
TRS_reactionary;;
TRS_socialist;;
TSU;Tawantinsuyu;
TSU_ADJ;Incan;
TSU_absolute_monarchy;;
TSU_bourgeois_dictatorship;;
TSU_democracy;;
TSU_fascist_dictatorship;;
TSU_hms_government;;
TSU_proletarian_dictatorship;;
TSU_prussian_constitutionalism;;
TSU_anarcho_liberal;;
TSU_communist;;
TSU_conservative;;
TSU_fascist;;
TSU_liberal;;
TSU_reactionary;;
TSU_socialist;;
UCA;Central Hesperida;
UCA_ADJ;Central Hesperidan;
UCA_absolute_monarchy;;
UCA_bourgeois_dictatorship;;
UCA_democracy;;
UCA_fascist_dictatorship;;
UCA_hms_government;;
UCA_proletarian_dictatorship;;
UCA_prussian_constitutionalism;;
UCA_anarcho_liberal;;
UCA_communist;;
UCA_conservative;;
UCA_fascist;;
UCA_liberal;;
UCA_reactionary;;
UCA_socialist;;
ULM;Ulm;
ULM_ADJ;Ulmer;
ULM_absolute_monarchy;;
ULM_bourgeois_dictatorship;;
ULM_democracy;The Free City of Ulm;
ULM_fascist_dictatorship;;
ULM_hms_government;;
ULM_proletarian_dictatorship;;
ULM_prussian_constitutionalism;;
ULM_anarcho_liberal;;
ULM_communist;;
ULM_conservative;;
ULM_fascist;;
ULM_liberal;;
ULM_reactionary;;
ULM_socialist;;
ULS;Ulster;
ULS_ADJ;Ulsterman;
ULS_absolute_monarchy;;
ULS_bourgeois_dictatorship;;
ULS_democracy;;
ULS_fascist_dictatorship;;
ULS_hms_government;;
ULS_proletarian_dictatorship;;
ULS_prussian_constitutionalism;;
ULS_anarcho_liberal;;
ULS_communist;;
ULS_conservative;;
ULS_fascist;;
ULS_liberal;;
ULS_reactionary;;
ULS_socialist;;
UTR;Utretch;
UTR_ADJ;Utretcher;
UTR_absolute_monarchy;;
UTR_bourgeois_dictatorship;;
UTR_democracy;;
UTR_fascist_dictatorship;;
UTR_hms_government;;
UTR_proletarian_dictatorship;;
UTR_prussian_constitutionalism;;
UTR_anarcho_liberal;;
UTR_communist;;
UTR_conservative;;
UTR_fascist;;
UTR_liberal;;
UTR_reactionary;;
UTR_socialist;;
VAL;Valentia;
VAL_ADJ;Valentian;
VAL_absolute_monarchy;Strathclyde;
VAL_bourgeois_dictatorship;Cumbria;
VAL_democracy;Valentia;
VAL_fascist_dictatorship;Cumbria;
VAL_hms_government;Strathclyde;
VAL_proletarian_dictatorship;Cumbria;
VAL_prussian_constitutionalism;Strathclyde;
VAL_anarcho_liberal;;
VAL_communist;;
VAL_conservative;;
VAL_fascist;;
VAL_liberal;;
VAL_reactionary;;
VAL_socialist;;
VAN;Vandalia;
VAN_ADJ;Vandal;
VAN_absolute_monarchy;The Vandal Empire;
VAN_bourgeois_dictatorship;Vandalia;
VAN_democracy;Vandaia;
VAN_fascist_dictatorship;The Vandal Reich;
VAN_hms_government;The Vandal Kingdom;
VAN_proletarian_dictatorship;The People's Republic of Vandalia;
VAN_prussian_constitutionalism;The Vandal Kingdom;
VAN_anarcho_liberal;;
VAN_communist;;
VAN_conservative;;
VAN_fascist;;
VAN_liberal;;
VAN_reactionary;;
VAN_socialist;;
VER;Vermont;
VER_ADJ;Vermonter;
VER_absolute_monarchy;;
VER_bourgeois_dictatorship;;
VER_democracy;;
VER_fascist_dictatorship;;
VER_hms_government;;
VER_proletarian_dictatorship;;
VER_prussian_constitutionalism;;
VER_anarcho_liberal;;
VER_communist;;
VER_conservative;;
VER_fascist;;
VER_liberal;;
VER_reactionary;;
VER_socialist;;
VIN;Vinland;
VIN_ADJ;Vinlandic;
VIN_absolute_monarchy;;
VIN_bourgeois_dictatorship;;
VIN_democracy;;
VIN_fascist_dictatorship;;
VIN_hms_government;;
VIN_proletarian_dictatorship;;
VIN_prussian_constitutionalism;;
VIN_anarcho_liberal;;
VIN_communist;;
VIN_conservative;;
VIN_fascist;;
VIN_liberal;;
VIN_reactionary;;
VIN_socialist;;
VIR;Virginia;
VIR_ADJ;Virginian;
VIR_absolute_monarchy;;
VIR_bourgeois_dictatorship;;
VIR_democracy;;
VIR_fascist_dictatorship;;
VIR_hms_government;;
VIR_proletarian_dictatorship;;
VIR_prussian_constitutionalism;;
VIR_anarcho_liberal;;
VIR_communist;;
VIR_conservative;;
VIR_fascist;;
VIR_liberal;;
VIR_reactionary;;
VIR_socialist;;
VLC;Vilcabamba;
VLC_ADJ;Incan;
VLC_absolute_monarchy;;
VLC_bourgeois_dictatorship;;
VLC_democracy;;
VLC_fascist_dictatorship;;
VLC_hms_government;;
VLC_proletarian_dictatorship;;
VLC_prussian_constitutionalism;;
VLC_anarcho_liberal;;
VLC_communist;;
VLC_conservative;;
VLC_fascist;;
VLC_liberal;;
VLC_reactionary;;
VLC_socialist;;
VRL;Virland;
VRL_ADJ;Virlander;
VRL_absolute_monarchy;;
VRL_bourgeois_dictatorship;;
VRL_democracy;;
VRL_fascist_dictatorship;;
VRL_hms_government;;
VRL_proletarian_dictatorship;;
VRL_prussian_constitutionalism;;
VRL_anarcho_liberal;;
VRL_communist;;
VRL_conservative;;
VRL_fascist;;
VRL_liberal;;
VRL_reactionary;;
VRL_socialist;;
WBG;Wurzburg;
WBG_ADJ;Wurzburger;
WBG_absolute_monarchy;;
WBG_bourgeois_dictatorship;;
WBG_democracy;;
WBG_fascist_dictatorship;;
WBG_hms_government;;
WBG_proletarian_dictatorship;;
WBG_prussian_constitutionalism;;
WBG_anarcho_liberal;;
WBG_communist;;
WBG_conservative;;
WBG_fascist;;
WBG_liberal;;
WBG_reactionary;;
WBG_socialist;;
WEX;Wexford;
WEX_ADJ;Wexforder;
WEX_absolute_monarchy;;
WEX_bourgeois_dictatorship;;
WEX_democracy;;
WEX_fascist_dictatorship;;
WEX_hms_government;;
WEX_proletarian_dictatorship;;
WEX_prussian_constitutionalism;;
WEX_anarcho_liberal;;
WEX_communist;;
WEX_conservative;;
WEX_fascist;;
WEX_liberal;;
WEX_reactionary;;
WEX_socialist;;
WHA;Brythonia;
WHA_ADJ;Brythonic;
WHA_absolute_monarchy;;
WHA_bourgeois_dictatorship;;
WHA_democracy;;
WHA_fascist_dictatorship;;
WHA_hms_government;;
WHA_proletarian_dictatorship;;
WHA_prussian_constitutionalism;;
WHA_anarcho_liberal;;
WHA_communist;;
WHA_conservative;;
WHA_fascist;;
WHA_liberal;;
WHA_reactionary;;
WHA_socialist;;
WIS;Wismar;
WIS_ADJ;Wismar;
WIS_absolute_monarchy;;
WIS_bourgeois_dictatorship;;
WIS_democracy;;
WIS_fascist_dictatorship;;
WIS_hms_government;;
WIS_proletarian_dictatorship;;
WIS_prussian_constitutionalism;;
WIS_anarcho_liberal;;
WIS_communist;;
WIS_conservative;;
WIS_fascist;;
WIS_liberal;;
WIS_reactionary;;
WIS_socialist;;
WSL;Wislania;
WSL_ADJ;Vistulan;
WSL_absolute_monarchy;;
WSL_bourgeois_dictatorship;;
WSL_democracy;;
WSL_fascist_dictatorship;;
WSL_hms_government;;
WSL_proletarian_dictatorship;;
WSL_prussian_constitutionalism;;
WSL_anarcho_liberal;;
WSL_communist;;
WSL_conservative;;
WSL_fascist;;
WSL_liberal;;
WSL_reactionary;;
WSL_socialist;;
WSX;Westseaxna;
WSX_ADJ;Saxon;
WSX_absolute_monarchy;;
WSX_bourgeois_dictatorship;;
WSX_democracy;Saxony;
WSX_fascist_dictatorship;The Saxon Empire;
WSX_hms_government;;
WSX_proletarian_dictatorship;The Saxon Commune;
WSX_prussian_constitutionalism;;
WSX_anarcho_liberal;;
WSX_communist;;
WSX_conservative;;
WSX_fascist;;
WSX_liberal;;
WSX_reactionary;;
WSX_socialist;;
YAR;Yaroslavl;
YAR_ADJ;Yaroslavlian;
YAR_absolute_monarchy;;
YAR_bourgeois_dictatorship;;
YAR_democracy;;
YAR_fascist_dictatorship;;
YAR_hms_government;;
YAR_proletarian_dictatorship;;
YAR_prussian_constitutionalism;;
YAR_anarcho_liberal;;
YAR_communist;;
YAR_conservative;;
YAR_fascist;;
YAR_liberal;;
YAR_reactionary;;
YAR_socialist;;
YOT;Yotvingia;
YOT_ADJ;Yotvingian;
YOT_absolute_monarchy;;
YOT_bourgeois_dictatorship;;
YOT_democracy;;
YOT_fascist_dictatorship;;
YOT_hms_government;;
YOT_proletarian_dictatorship;;
YOT_prussian_constitutionalism;;
YOT_anarcho_liberal;;
YOT_communist;;
YOT_conservative;;
YOT_fascist;;
YOT_liberal;;
YOT_reactionary;;
YOT_socialist;;
PROV3323;West Frisia;
PROV3324;Nordfriesland;
PROV3325;Sambia;
PROV3326;Bergen;
PROV3327;Bombay;
PROV3328;Cannor;
PROV3329;Calicut;
PROV3330;Nagapatam;
PROV3331;Sadras;
PROV3332;Bandar;
PROV3333;Yanam;
PROV3334;Cuttack;
PROV3335;Balasore;
PROV3336;Fort William;
PROV3337;Dejima;
PROV3338;Pulica;
PROV1261;Kalinga;
PROV3366;Lappland;
PROV3367;Sodankyla;
PROV631;Veligrad;
african;Africae;
alexandrian;Alexandrian;
arabic;Arabic;
aramaic;Aramaic;
avar;Avar;
bavarian;High German;
burgundian;Burgund;
celtiberian;Celtiberian;
dacian;Dacian;
egyptian;Egyptian;
frankish;Frankish;
frisian;Frisian;
gallic;Gallic;
gallo-roman;Gallo-Roman;
greek;Graecian;
hebrew;Hebrew;
hispanic;Hispaneus;
illyrian;Ilyrian;
latin;Latin;
lusitanian;Lusitanian;
mauretanian;Mauretanian;
neo_punic;Neo-Punic;
noric;Noric;
numidian;Numidian;
ostrogoth;Ostrogothic;
phonecian;Phonecian;
saxon;Saxon;
siwi;Siwi;
sorbian;Sorbian;
suebi;Suebi;
swiss;Helvetian;
vandal;Vandal;
vasconian;Vasconian;
visigoth;Visigothic;